Timestamp,Mode,Raw_Count,Integer_Count
21:24:27,LIVE LOCAL,0.0,0
21:24:27,LIVE LOCAL,1.0,1
21:24:27,LIVE LOCAL,1.0,1
21:24:27,LIVE LOCAL,1.0,1
21:24:27,LIVE LOCAL,1.0,1
21:24:27,LIVE LOCAL,1.0,1
21:24:27,LIVE LOCAL,1.0,1
21:24:27,LIVE LOCAL,1.0,1
21:24:27,LIVE LOCAL,1.0,1
21:24:27,LIVE LOCAL,1.0,1
21:24:27,LIVE LOCAL,1.0,1
21:24:27,LIVE LOCAL,1.0,1
21:24:27,LIVE LOCAL,1.0,1
21:24:27,LIVE LOCAL,1.0,1
21:24:27,LIVE LOCAL,1.0,1
21:24:27,LIVE LOCAL,1.0,1
21:24:27,LIVE LOCAL,1.0,1
21:24:27,LIVE LOCAL,1.0,1
21:24:28,LIVE LOCAL,1.0,1
21:24:28,LIVE LOCAL,1.0,1
21:24:28,LIVE LOCAL,1.0,1
21:24:28,LIVE LOCAL,1.0,1
21:24:28,LIVE LOCAL,1.0,1
21:24:28,LIVE LOCAL,1.0,1
21:24:28,LIVE LOCAL,1.0,1
21:24:28,LIVE LOCAL,1.0,1
21:24:28,LIVE LOCAL,1.0,1
21:24:28,LIVE LOCAL,1.0,1
21:24:28,LIVE LOCAL,1.0,1
21:24:28,LIVE LOCAL,1.0,1
21:24:28,LIVE LOCAL,1.0,1
21:24:28,LIVE LOCAL,1.0,1
21:24:28,LIVE LOCAL,1.0,1
21:24:28,LIVE LOCAL,1.0,1
21:24:28,LIVE LOCAL,1.0,1
21:24:28,LIVE LOCAL,1.0,1
21:24:28,LIVE LOCAL,1.0,1
21:24:28,LIVE LOCAL,1.0,1
21:24:28,LIVE LOCAL,1.0,1
21:24:28,LIVE LOCAL,1.0,1
21:24:28,LIVE LOCAL,1.0,1
21:24:28,LIVE LOCAL,1.0,1
21:24:28,LIVE LOCAL,1.0,1
21:24:28,LIVE LOCAL,1.0,1
21:24:28,LIVE LOCAL,1.0,1
21:24:28,LIVE LOCAL,1.0,1
21:24:28,LIVE LOCAL,1.0,1
21:24:28,LIVE LOCAL,1.0,1
21:24:29,LIVE LOCAL,1.0,1
21:24:29,LIVE LOCAL,1.0,1
21:24:29,LIVE LOCAL,1.0,1
21:24:29,LIVE LOCAL,1.0,1
21:24:29,LIVE LOCAL,1.0,1
21:24:29,LIVE LOCAL,1.0,1
21:24:29,LIVE LOCAL,1.0,1
21:24:29,LIVE LOCAL,1.0,1
21:24:29,LIVE LOCAL,1.0,1
21:24:29,LIVE LOCAL,1.0,1
21:24:29,LIVE LOCAL,1.0,1
21:24:29,LIVE LOCAL,1.0,1
21:24:29,LIVE LOCAL,1.0,1
21:24:29,LIVE LOCAL,1.0,1
21:24:29,LIVE LOCAL,1.0,1
21:24:29,LIVE LOCAL,1.0,1
21:24:29,LIVE LOCAL,1.0,1
21:24:29,LIVE LOCAL,1.0,1
21:24:29,LIVE LOCAL,1.0,1
21:24:29,LIVE LOCAL,1.0,1
21:24:29,LIVE LOCAL,1.0,1
21:24:29,LIVE LOCAL,1.0,1
21:24:29,LIVE LOCAL,1.0,1
21:24:29,LIVE LOCAL,1.0,1
21:24:29,LIVE LOCAL,1.0,1
21:24:29,LIVE LOCAL,1.0,1
21:24:29,LIVE LOCAL,1.0,1
21:24:29,LIVE LOCAL,1.0,1
21:24:29,LIVE LOCAL,1.0,1
21:24:29,LIVE LOCAL,1.0,1
21:24:30,LIVE LOCAL,1.0,1
21:24:30,LIVE LOCAL,1.0,1
21:24:30,LIVE LOCAL,1.0,1
21:24:30,LIVE LOCAL,1.0,1
21:24:30,LIVE LOCAL,1.0,1
21:24:30,LIVE LOCAL,1.0,1
21:24:30,LIVE LOCAL,1.0,1
21:24:30,LIVE LOCAL,1.0,1
21:24:30,LIVE LOCAL,1.0,1
21:24:30,LIVE LOCAL,1.0,1
21:24:30,LIVE LOCAL,1.0,1
21:24:30,LIVE LOCAL,1.0,1
21:24:30,LIVE LOCAL,1.0,1
21:24:30,LIVE LOCAL,1.0,1
21:24:30,LIVE LOCAL,1.0,1
21:24:30,LIVE LOCAL,1.0,1
21:24:30,LIVE LOCAL,1.0,1
21:24:30,LIVE LOCAL,1.0,1
21:24:30,LIVE LOCAL,1.0,1
21:24:30,LIVE LOCAL,1.0,1
21:24:30,LIVE LOCAL,1.0,1
21:24:30,LIVE LOCAL,1.0,1
21:24:30,LIVE LOCAL,1.0,1
21:24:30,LIVE LOCAL,1.0,1
21:24:30,LIVE LOCAL,1.0,1
21:24:30,LIVE LOCAL,1.0,1
21:24:30,LIVE LOCAL,1.0,1
21:24:30,LIVE LOCAL,1.0,1
21:24:31,LIVE LOCAL,1.0,1
21:24:31,LIVE LOCAL,1.0,1
21:24:31,LIVE LOCAL,1.0,1
21:24:31,LIVE LOCAL,1.0,1
21:24:31,LIVE LOCAL,1.0,1
21:24:31,LIVE LOCAL,1.0,1
21:24:31,LIVE LOCAL,1.0,1
21:24:31,LIVE LOCAL,1.0,1
21:24:31,LIVE LOCAL,1.0,1
21:24:31,LIVE LOCAL,1.0,1
21:24:31,LIVE LOCAL,1.0,1
21:24:31,LIVE LOCAL,1.0,1
21:24:31,LIVE LOCAL,1.0,1
21:24:31,LIVE LOCAL,1.0,1
21:24:31,LIVE LOCAL,1.0,1
21:24:31,LIVE LOCAL,1.0,1
21:24:31,LIVE LOCAL,1.0,1
21:24:31,LIVE LOCAL,1.0,1
21:24:31,LIVE LOCAL,1.0,1
21:24:31,LIVE LOCAL,1.0,1
21:24:31,LIVE LOCAL,1.0,1
21:24:31,LIVE LOCAL,1.0,1
21:24:31,LIVE LOCAL,1.0,1
21:24:31,LIVE LOCAL,1.0,1
21:24:31,LIVE LOCAL,1.0,1
21:24:31,LIVE LOCAL,1.0,1
21:24:31,LIVE LOCAL,1.0,1
21:24:31,LIVE LOCAL,1.0,1
21:24:31,LIVE LOCAL,1.0,1
21:24:31,LIVE LOCAL,1.0,1
21:24:31,LIVE LOCAL,1.0,1
21:24:32,LIVE LOCAL,1.0,1
21:24:32,LIVE LOCAL,1.0,1
21:24:32,LIVE LOCAL,1.0,1
21:24:32,LIVE LOCAL,1.0,1
21:24:32,LIVE LOCAL,1.0,1
21:24:32,LIVE LOCAL,1.0,1
21:24:32,LIVE LOCAL,1.0,1
21:24:32,LIVE LOCAL,1.0,1
21:24:32,LIVE LOCAL,1.0,1
21:24:32,LIVE LOCAL,1.0,1
21:24:32,LIVE LOCAL,1.0,1
21:24:32,LIVE LOCAL,1.0,1
21:24:32,LIVE LOCAL,1.0,1
21:24:32,LIVE LOCAL,1.0,1
21:24:32,LIVE LOCAL,1.0,1
21:24:32,LIVE LOCAL,1.0,1
21:24:32,LIVE LOCAL,1.0,1
21:24:32,LIVE LOCAL,1.0,1
21:24:32,LIVE LOCAL,1.0,1
21:24:32,LIVE LOCAL,1.0,1
21:24:32,LIVE LOCAL,1.0,1
21:24:32,LIVE LOCAL,1.0,1
21:24:32,LIVE LOCAL,1.0,1
21:24:32,LIVE LOCAL,1.0,1
21:24:32,LIVE LOCAL,1.0,1
21:24:32,LIVE LOCAL,1.0,1
21:24:32,LIVE LOCAL,1.0,1
21:24:32,LIVE LOCAL,1.0,1
21:24:32,LIVE LOCAL,1.0,1
21:24:32,LIVE LOCAL,1.0,1
21:24:33,LIVE LOCAL,1.0,1
21:24:33,LIVE LOCAL,1.0,1
21:24:33,LIVE LOCAL,1.0,1
21:24:33,LIVE LOCAL,1.0,1
21:24:33,LIVE LOCAL,1.0,1
21:24:33,LIVE LOCAL,1.0,1
21:24:33,LIVE LOCAL,1.0,1
21:24:33,LIVE LOCAL,1.0,1
21:24:33,LIVE LOCAL,1.0,1
21:24:33,LIVE LOCAL,1.0,1
21:24:33,LIVE LOCAL,1.0,1
21:24:33,LIVE LOCAL,1.0,1
21:24:33,LIVE LOCAL,1.0,1
21:24:33,LIVE LOCAL,1.0,1
21:24:33,LIVE LOCAL,1.0,1
21:24:33,LIVE LOCAL,1.0,1
21:24:33,LIVE LOCAL,1.0,1
21:24:33,LIVE LOCAL,1.0,1
21:24:33,LIVE LOCAL,1.0,1
21:24:33,LIVE LOCAL,1.0,1
21:24:33,LIVE LOCAL,1.0,1
21:24:33,LIVE LOCAL,1.0,1
21:24:33,LIVE LOCAL,1.0,1
21:24:33,LIVE LOCAL,1.0,1
21:24:33,LIVE LOCAL,1.0,1
21:24:33,LIVE LOCAL,1.0,1
21:24:33,LIVE LOCAL,1.0,1
21:24:34,LIVE LOCAL,1.0,1
21:24:34,LIVE LOCAL,1.0,1
21:24:34,LIVE LOCAL,1.0,1
21:24:34,LIVE LOCAL,1.0,1
21:24:34,LIVE LOCAL,1.0,1
21:24:34,LIVE LOCAL,1.0,1
21:24:34,LIVE LOCAL,1.0,1
21:24:34,LIVE LOCAL,1.0,1
21:24:34,LIVE LOCAL,1.0,1
21:24:34,LIVE LOCAL,1.0,1
21:24:34,LIVE LOCAL,1.0,1
21:24:34,LIVE LOCAL,1.0,1
21:24:34,LIVE LOCAL,1.0,1
21:24:34,LIVE LOCAL,1.0,1
21:24:34,LIVE LOCAL,1.0,1
21:24:34,LIVE LOCAL,1.0,1
21:24:35,LIVE LOCAL,1.0,1
21:24:35,LIVE LOCAL,1.0,1
21:24:35,LIVE LOCAL,1.0,1
21:24:35,LIVE LOCAL,1.0,1
21:24:35,LIVE LOCAL,1.0,1
21:24:35,LIVE LOCAL,1.0,1
21:24:35,LIVE LOCAL,1.0,1
21:24:35,LIVE LOCAL,1.0,1
21:24:35,LIVE LOCAL,1.0,1
21:24:35,LIVE LOCAL,1.0,1
21:24:35,LIVE LOCAL,1.0,1
21:24:35,LIVE LOCAL,1.0,1
21:24:35,LIVE LOCAL,1.0,1
21:24:35,LIVE LOCAL,1.0,1
21:24:35,LIVE LOCAL,1.0,1
21:24:36,LIVE LOCAL,1.0,1
21:24:36,LIVE LOCAL,1.0,1
21:24:36,LIVE LOCAL,1.0,1
21:24:36,LIVE LOCAL,1.0,1
21:24:36,LIVE LOCAL,1.0,1
21:24:36,LIVE LOCAL,1.0,1
21:24:36,LIVE LOCAL,1.0,1
21:24:36,LIVE LOCAL,1.0,1
21:24:36,LIVE LOCAL,1.0,1
21:24:36,LIVE LOCAL,1.0,1
21:24:36,LIVE LOCAL,1.0,1
21:24:36,LIVE LOCAL,1.0,1
21:24:36,LIVE LOCAL,1.0,1
21:24:36,LIVE LOCAL,1.0,1
21:24:36,LIVE LOCAL,1.0,1
21:24:36,LIVE LOCAL,1.0,1
21:24:36,LIVE LOCAL,1.0,1
21:24:37,LIVE LOCAL,1.0,1
21:24:37,LIVE LOCAL,1.0,1
21:24:37,LIVE LOCAL,1.0,1
21:24:37,LIVE LOCAL,1.0,1
21:24:37,LIVE LOCAL,1.0,1
21:24:37,LIVE LOCAL,1.0,1
21:24:37,LIVE LOCAL,1.0,1
21:24:37,LIVE LOCAL,1.0,1
21:24:37,LIVE LOCAL,1.0,1
21:24:38,LIVE LOCAL,1.0,1
21:24:38,LIVE LOCAL,1.0,1
21:24:38,LIVE LOCAL,1.0,1
21:24:38,LIVE LOCAL,1.0,1
21:24:38,LIVE LOCAL,1.0,1
21:24:38,LIVE LOCAL,1.0,1
21:24:38,LIVE LOCAL,1.0,1
21:24:38,LIVE LOCAL,1.0,1
21:24:38,LIVE LOCAL,1.0,1
21:24:38,LIVE LOCAL,1.0,1
21:24:38,LIVE LOCAL,1.0,1
21:24:38,LIVE LOCAL,1.0,1
21:24:38,LIVE LOCAL,1.0,1
21:24:39,LIVE LOCAL,1.0,1
21:24:39,LIVE LOCAL,1.0,1
21:24:39,LIVE LOCAL,1.0,1
21:24:39,LIVE LOCAL,1.0,1
21:24:39,LIVE LOCAL,1.0,1
21:24:39,LIVE LOCAL,1.0,1
21:24:39,LIVE LOCAL,1.0,1
21:24:39,LIVE LOCAL,1.0,1
21:24:39,LIVE LOCAL,1.0,1
21:24:39,LIVE LOCAL,1.0,1
21:24:39,LIVE LOCAL,1.0,1
21:24:39,LIVE LOCAL,1.0,1
21:24:39,LIVE LOCAL,1.0,1
21:24:39,LIVE LOCAL,1.0,1
21:24:40,LIVE LOCAL,1.0,1
21:24:40,LIVE LOCAL,1.0,1
21:24:40,LIVE LOCAL,1.0,1
21:24:40,LIVE LOCAL,1.0,1
21:24:40,LIVE LOCAL,1.0,1
21:24:40,LIVE LOCAL,1.0,1
21:24:40,LIVE LOCAL,1.0,1
21:24:40,LIVE LOCAL,1.0,1
21:24:40,LIVE LOCAL,1.0,1
21:24:40,LIVE LOCAL,1.0,1
21:24:40,LIVE LOCAL,1.0,1
21:24:40,LIVE LOCAL,1.0,1
21:24:41,LIVE LOCAL,1.0,1
21:24:41,LIVE LOCAL,1.0,1
21:24:41,LIVE LOCAL,1.0,1
21:24:41,LIVE LOCAL,1.0,1
21:24:41,LIVE LOCAL,1.0,1
21:24:41,LIVE LOCAL,1.0,1
21:24:41,LIVE LOCAL,1.0,1
21:24:41,LIVE LOCAL,1.0,1
21:24:41,LIVE LOCAL,1.0,1
21:24:41,LIVE LOCAL,1.0,1
21:24:41,LIVE LOCAL,1.0,1
21:24:41,LIVE LOCAL,1.0,1
21:24:41,LIVE LOCAL,1.0,1
21:24:41,LIVE LOCAL,1.0,1
21:24:41,LIVE LOCAL,1.0,1
21:24:42,LIVE LOCAL,1.0,1
21:24:42,LIVE LOCAL,1.0,1
21:24:42,LIVE LOCAL,1.0,1
21:24:42,LIVE LOCAL,1.0,1
21:24:42,LIVE LOCAL,1.0,1
21:24:42,LIVE LOCAL,1.0,1
21:24:42,LIVE LOCAL,1.0,1
21:24:42,LIVE LOCAL,1.0,1
21:24:42,LIVE LOCAL,1.0,1
21:24:42,LIVE LOCAL,1.0,1
21:24:42,LIVE LOCAL,1.0,1
21:24:42,LIVE LOCAL,1.0,1
21:24:42,LIVE LOCAL,1.0,1
21:24:42,LIVE LOCAL,1.0,1
21:24:43,LIVE LOCAL,1.0,1
21:24:43,LIVE LOCAL,1.0,1
21:24:43,LIVE LOCAL,1.0,1
21:24:43,LIVE LOCAL,1.0,1
21:24:43,LIVE LOCAL,1.0,1
21:24:43,LIVE LOCAL,1.0,1
21:24:43,LIVE LOCAL,1.0,1
21:24:43,LIVE LOCAL,1.0,1
21:24:43,LIVE LOCAL,1.0,1
21:24:43,LIVE LOCAL,1.0,1
21:24:43,LIVE LOCAL,1.0,1
21:24:43,LIVE LOCAL,1.0,1
21:24:44,LIVE LOCAL,1.0,1
21:24:44,LIVE LOCAL,1.0,1
21:24:44,LIVE LOCAL,1.0,1
21:24:44,LIVE LOCAL,1.0,1
21:24:44,LIVE LOCAL,1.0,1
21:24:44,LIVE LOCAL,1.0,1
21:24:44,LIVE LOCAL,1.0,1
21:24:44,LIVE LOCAL,1.0,1
21:24:44,LIVE LOCAL,1.0,1
21:24:44,LIVE LOCAL,1.0,1
21:24:45,LIVE LOCAL,1.0,1
21:24:45,LIVE LOCAL,1.0,1
21:24:45,LIVE LOCAL,1.0,1
21:24:45,LIVE LOCAL,1.0,1
21:24:45,LIVE LOCAL,1.0,1
21:24:45,LIVE LOCAL,1.0,1
21:24:45,LIVE LOCAL,1.0,1
21:24:45,LIVE LOCAL,1.0,1
21:24:45,LIVE LOCAL,1.0,1
21:24:45,LIVE LOCAL,1.0,1
21:24:45,LIVE LOCAL,1.0,1
21:24:46,LIVE LOCAL,1.0,1
21:24:46,LIVE LOCAL,1.0,1
21:24:46,LIVE LOCAL,1.0,1
21:24:46,LIVE LOCAL,1.0,1
21:24:46,LIVE LOCAL,1.0,1
21:24:46,LIVE LOCAL,1.0,1
21:24:46,LIVE LOCAL,1.0,1
21:24:46,LIVE LOCAL,1.0,1
21:24:46,LIVE LOCAL,1.0,1
21:24:46,LIVE LOCAL,1.0,1
21:24:46,LIVE LOCAL,1.0,1
21:24:47,LIVE LOCAL,1.0,1
21:24:47,LIVE LOCAL,1.0,1
21:24:47,LIVE LOCAL,1.0,1
21:24:47,LIVE LOCAL,1.0,1
21:24:47,LIVE LOCAL,1.0,1
21:24:47,LIVE LOCAL,1.0,1
21:24:47,LIVE LOCAL,1.0,1
21:24:47,LIVE LOCAL,1.0,1
21:24:47,LIVE LOCAL,1.0,1
21:24:47,LIVE LOCAL,1.0,1
21:24:47,LIVE LOCAL,1.0,1
21:24:47,LIVE LOCAL,1.0,1
21:24:48,LIVE LOCAL,1.0,1
21:24:48,LIVE LOCAL,1.0,1
21:24:48,LIVE LOCAL,1.0,1
21:24:48,LIVE LOCAL,1.0,1
21:24:48,LIVE LOCAL,1.0,1
21:24:48,LIVE LOCAL,1.0,1
21:24:48,LIVE LOCAL,1.0,1
21:24:48,LIVE LOCAL,1.0,1
21:24:48,LIVE LOCAL,1.0,1
21:24:48,LIVE LOCAL,1.0,1
21:24:49,LIVE LOCAL,1.0,1
21:24:49,LIVE LOCAL,1.0,1
21:24:49,LIVE LOCAL,1.0,1
21:24:49,LIVE LOCAL,1.0,1
21:24:49,LIVE LOCAL,1.0,1
21:24:49,LIVE LOCAL,1.0,1
21:24:49,LIVE LOCAL,1.0,1
21:24:49,LIVE LOCAL,1.0,1
21:24:49,LIVE LOCAL,1.0,1
21:24:49,LIVE LOCAL,1.0,1
21:24:49,LIVE LOCAL,1.0,1
21:24:50,LIVE LOCAL,1.0,1
21:24:50,LIVE LOCAL,1.0,1
21:24:50,LIVE LOCAL,1.0,1
21:24:50,LIVE LOCAL,1.0,1
21:24:50,LIVE LOCAL,1.0,1
21:24:50,LIVE LOCAL,1.0,1
21:24:50,LIVE LOCAL,1.0,1
21:24:50,LIVE LOCAL,1.0,1
21:24:50,LIVE LOCAL,1.0,1
21:24:50,LIVE LOCAL,1.0,1
21:24:50,LIVE LOCAL,1.0,1
21:24:51,LIVE LOCAL,1.0,1
21:24:51,LIVE LOCAL,1.0,1
21:24:51,LIVE LOCAL,1.0,1
21:24:51,LIVE LOCAL,1.0,1
21:24:51,LIVE LOCAL,1.0,1
21:24:51,LIVE LOCAL,1.0,1
21:24:51,LIVE LOCAL,1.0,1
21:24:51,LIVE LOCAL,1.0,1
21:24:51,LIVE LOCAL,1.0,1
21:24:51,LIVE LOCAL,1.0,1
21:24:51,LIVE LOCAL,1.0,1
21:24:52,LIVE LOCAL,1.0,1
21:24:52,LIVE LOCAL,1.0,1
21:24:52,LIVE LOCAL,1.0,1
21:24:52,LIVE LOCAL,1.0,1
21:24:52,LIVE LOCAL,1.0,1
21:24:52,LIVE LOCAL,1.0,1
21:24:52,LIVE LOCAL,1.0,1
21:24:52,LIVE LOCAL,1.0,1
21:24:52,LIVE LOCAL,1.0,1
21:24:52,LIVE LOCAL,1.0,1
21:24:53,LIVE LOCAL,1.0,1
21:24:53,LIVE LOCAL,1.0,1
21:24:53,LIVE LOCAL,1.0,1
21:24:53,LIVE LOCAL,1.0,1
21:24:53,LIVE LOCAL,1.0,1
21:24:53,LIVE LOCAL,1.0,1
21:24:53,LIVE LOCAL,1.0,1
21:24:53,LIVE LOCAL,1.0,1
21:24:53,LIVE LOCAL,1.0,1
21:24:53,LIVE LOCAL,1.0,1
21:24:53,LIVE LOCAL,1.0,1
21:24:54,LIVE LOCAL,1.0,1
21:24:54,LIVE LOCAL,1.0,1
21:24:54,LIVE LOCAL,1.0,1
21:24:54,LIVE LOCAL,1.0,1
21:24:54,LIVE LOCAL,1.0,1
21:24:54,LIVE LOCAL,1.0,1
21:24:54,LIVE LOCAL,1.0,1
21:24:54,LIVE LOCAL,1.0,1
21:24:54,LIVE LOCAL,1.0,1
21:24:54,LIVE LOCAL,1.0,1
21:24:54,LIVE LOCAL,1.0,1
21:24:55,LIVE LOCAL,1.0,1
21:24:55,LIVE LOCAL,1.0,1
21:24:55,LIVE LOCAL,1.0,1
21:24:55,LIVE LOCAL,1.0,1
21:24:55,LIVE LOCAL,1.0,1
21:24:55,LIVE LOCAL,1.0,1
21:24:55,LIVE LOCAL,1.0,1
21:24:55,LIVE LOCAL,1.0,1
21:24:55,LIVE LOCAL,1.0,1
21:24:55,LIVE LOCAL,1.0,1
21:24:56,LIVE LOCAL,1.0,1
21:24:56,LIVE LOCAL,1.0,1
21:24:56,LIVE LOCAL,1.0,1
21:24:56,LIVE LOCAL,1.0,1
21:24:56,LIVE LOCAL,1.0,1
21:24:56,LIVE LOCAL,1.0,1
21:24:56,LIVE LOCAL,1.0,1
21:24:56,LIVE LOCAL,1.0,1
21:24:56,LIVE LOCAL,1.0,1
21:24:56,LIVE LOCAL,1.0,1
21:24:56,LIVE LOCAL,1.0,1
21:24:57,LIVE LOCAL,1.0,1
21:24:57,LIVE LOCAL,1.0,1
21:24:57,LIVE LOCAL,1.0,1
21:24:57,LIVE LOCAL,1.0,1
21:24:57,LIVE LOCAL,1.0,1
21:24:57,LIVE LOCAL,1.0,1
21:24:57,LIVE LOCAL,1.0,1
21:24:57,LIVE LOCAL,1.0,1
21:24:57,LIVE LOCAL,1.0,1
21:24:57,LIVE LOCAL,1.0,1
21:24:58,LIVE LOCAL,1.0,1
21:24:58,LIVE LOCAL,1.0,1
21:24:58,LIVE LOCAL,1.0,1
21:24:58,LIVE LOCAL,1.0,1
21:24:58,LIVE LOCAL,1.0,1
21:24:58,LIVE LOCAL,1.0,1
21:24:58,LIVE LOCAL,1.0,1
21:24:58,LIVE LOCAL,1.0,1
21:24:58,LIVE LOCAL,1.0,1
21:24:58,LIVE LOCAL,1.0,1
21:24:59,LIVE LOCAL,1.0,1
21:24:59,LIVE LOCAL,1.0,1
21:24:59,LIVE LOCAL,1.0,1
21:24:59,LIVE LOCAL,1.0,1
21:24:59,LIVE LOCAL,1.0,1
21:24:59,LIVE LOCAL,1.0,1
21:24:59,LIVE LOCAL,1.0,1
21:24:59,LIVE LOCAL,1.0,1
21:24:59,LIVE LOCAL,1.0,1
21:24:59,LIVE LOCAL,1.0,1
21:24:59,LIVE LOCAL,1.0,1
21:24:59,LIVE LOCAL,1.0,1
21:25:00,LIVE LOCAL,1.0,1
21:25:00,LIVE LOCAL,1.0,1
21:25:00,LIVE LOCAL,1.0,1
21:25:00,LIVE LOCAL,1.0,1
21:25:00,LIVE LOCAL,1.0,1
21:25:00,LIVE LOCAL,1.0,1
21:25:00,LIVE LOCAL,1.0,1
21:25:00,LIVE LOCAL,1.0,1
21:25:00,LIVE LOCAL,1.0,1
21:25:00,LIVE LOCAL,1.0,1
21:25:01,LIVE LOCAL,1.0,1
21:25:01,LIVE LOCAL,1.0,1
21:25:01,LIVE LOCAL,1.0,1
21:25:01,LIVE LOCAL,1.0,1
21:25:01,LIVE LOCAL,1.0,1
21:25:01,LIVE LOCAL,1.0,1
21:25:01,LIVE LOCAL,1.0,1
21:25:01,LIVE LOCAL,1.0,1
21:25:01,LIVE LOCAL,1.0,1
21:25:01,LIVE LOCAL,1.0,1
21:25:01,LIVE LOCAL,1.0,1
21:25:02,LIVE LOCAL,1.0,1
21:25:02,LIVE LOCAL,1.0,1
21:25:02,LIVE LOCAL,1.0,1
21:25:02,LIVE LOCAL,1.0,1
21:25:02,LIVE LOCAL,1.0,1
21:25:02,LIVE LOCAL,1.0,1
21:25:02,LIVE LOCAL,1.0,1
21:25:02,LIVE LOCAL,1.0,1
21:25:02,LIVE LOCAL,1.0,1
21:25:02,LIVE LOCAL,1.0,1
21:25:03,LIVE LOCAL,1.0,1
21:25:03,LIVE LOCAL,1.0,1
21:25:03,LIVE LOCAL,1.0,1
21:25:03,LIVE LOCAL,1.0,1
21:25:03,LIVE LOCAL,1.0,1
21:25:03,LIVE LOCAL,1.0,1
21:25:03,LIVE LOCAL,1.0,1
21:25:03,LIVE LOCAL,1.0,1
21:25:03,LIVE LOCAL,1.0,1
21:25:03,LIVE LOCAL,1.0,1
21:25:03,LIVE LOCAL,1.0,1
21:25:04,LIVE LOCAL,1.0,1
21:25:04,LIVE LOCAL,1.0,1
21:25:04,LIVE LOCAL,1.0,1
21:25:04,LIVE LOCAL,1.0,1
21:25:04,LIVE LOCAL,1.0,1
21:25:04,LIVE LOCAL,1.0,1
21:25:04,LIVE LOCAL,1.0,1
21:25:04,LIVE LOCAL,1.0,1
21:25:04,LIVE LOCAL,1.0,1
21:25:04,LIVE LOCAL,1.0,1
21:25:04,LIVE LOCAL,1.0,1
21:25:05,LIVE LOCAL,1.0,1
21:25:05,LIVE LOCAL,1.0,1
21:25:05,LIVE LOCAL,1.0,1
21:25:05,LIVE LOCAL,1.0,1
21:25:05,LIVE LOCAL,1.0,1
21:25:05,LIVE LOCAL,1.0,1
21:25:05,LIVE LOCAL,1.0,1
21:25:05,LIVE LOCAL,1.0,1
21:25:05,LIVE LOCAL,1.0,1
21:25:05,LIVE LOCAL,1.0,1
21:25:06,LIVE LOCAL,1.0,1
21:25:06,LIVE LOCAL,1.0,1
21:25:06,LIVE LOCAL,1.0,1
21:25:06,LIVE LOCAL,1.0,1
21:25:06,LIVE LOCAL,1.0,1
21:25:06,LIVE LOCAL,1.0,1
21:25:06,LIVE LOCAL,1.0,1
21:25:06,LIVE LOCAL,1.0,1
21:25:06,LIVE LOCAL,1.0,1
21:25:06,LIVE LOCAL,1.0,1
21:25:06,LIVE LOCAL,1.0,1
21:25:07,LIVE LOCAL,1.0,1
21:25:07,LIVE LOCAL,1.0,1
21:25:07,LIVE LOCAL,1.0,1
21:25:07,LIVE LOCAL,1.0,1
21:25:07,LIVE LOCAL,1.0,1
21:25:07,LIVE LOCAL,1.0,1
21:25:07,LIVE LOCAL,1.0,1
21:25:07,LIVE LOCAL,1.0,1
21:25:07,LIVE LOCAL,1.0,1
21:25:07,LIVE LOCAL,1.0,1
21:25:07,LIVE LOCAL,1.0,1
21:25:07,LIVE LOCAL,1.0,1
21:25:08,LIVE LOCAL,1.0,1
21:25:08,LIVE LOCAL,1.0,1
21:25:08,LIVE LOCAL,1.0,1
21:25:08,LIVE LOCAL,1.0,1
21:25:08,LIVE LOCAL,1.0,1
21:25:08,LIVE LOCAL,1.0,1
21:25:08,LIVE LOCAL,1.0,1
21:25:08,LIVE LOCAL,1.0,1
21:25:08,LIVE LOCAL,1.0,1
21:25:08,LIVE LOCAL,1.0,1
21:25:08,LIVE LOCAL,1.0,1
21:25:09,LIVE LOCAL,1.0,1
21:25:09,LIVE LOCAL,1.0,1
21:25:09,LIVE LOCAL,1.0,1
21:25:09,LIVE LOCAL,1.0,1
21:25:09,LIVE LOCAL,1.0,1
21:25:09,LIVE LOCAL,1.0,1
21:25:09,LIVE LOCAL,1.0,1
21:25:09,LIVE LOCAL,1.0,1
21:25:09,LIVE LOCAL,1.0,1
21:25:09,LIVE LOCAL,1.0,1
21:25:10,LIVE LOCAL,1.0,1
21:25:10,LIVE LOCAL,1.0,1
21:25:10,LIVE LOCAL,1.0,1
21:25:10,LIVE LOCAL,1.0,1
21:25:10,LIVE LOCAL,1.0,1
21:25:10,LIVE LOCAL,1.0,1
21:25:10,LIVE LOCAL,1.0,1
21:25:10,LIVE LOCAL,1.0,1
21:25:10,LIVE LOCAL,1.0,1
21:25:10,LIVE LOCAL,1.0,1
21:25:10,LIVE LOCAL,1.0,1
21:25:10,LIVE LOCAL,1.0,1
21:25:10,LIVE LOCAL,1.0,1
21:25:11,LIVE LOCAL,1.0,1
21:25:11,LIVE LOCAL,1.0,1
21:25:11,LIVE LOCAL,1.0,1
21:25:11,LIVE LOCAL,1.0,1
21:25:11,LIVE LOCAL,1.0,1
21:25:11,LIVE LOCAL,1.0,1
21:25:11,LIVE LOCAL,1.0,1
21:25:11,LIVE LOCAL,1.0,1
21:25:11,LIVE LOCAL,1.0,1
21:25:11,LIVE LOCAL,1.0,1
21:25:11,LIVE LOCAL,1.0,1
21:25:11,LIVE LOCAL,1.0,1
21:25:11,LIVE LOCAL,1.0,1
21:25:11,LIVE LOCAL,1.0,1
21:25:11,LIVE LOCAL,1.0,1
21:25:12,LIVE LOCAL,1.0,1
21:25:12,LIVE LOCAL,1.0,1
21:25:12,LIVE LOCAL,1.0,1
21:25:12,LIVE LOCAL,1.0,1
21:25:12,LIVE LOCAL,1.0,1
21:25:12,LIVE LOCAL,1.0,1
21:25:12,LIVE LOCAL,1.0,1
21:25:12,LIVE LOCAL,1.0,1
21:25:12,LIVE LOCAL,1.0,1
21:25:12,LIVE LOCAL,1.0,1
21:25:12,LIVE LOCAL,1.0,1
21:25:12,LIVE LOCAL,1.0,1
21:25:12,LIVE LOCAL,1.0,1
21:25:12,LIVE LOCAL,1.0,1
21:25:12,LIVE LOCAL,1.0,1
21:25:13,LIVE LOCAL,1.0,1
21:25:13,LIVE LOCAL,1.0,1
21:25:13,LIVE LOCAL,1.0,1
21:25:13,LIVE LOCAL,1.0,1
21:25:13,LIVE LOCAL,1.0,1
21:25:13,LIVE LOCAL,1.0,1
21:25:13,LIVE LOCAL,1.0,1
21:25:13,LIVE LOCAL,1.0,1
21:25:13,LIVE LOCAL,1.0,1
21:25:13,LIVE LOCAL,1.0,1
21:25:13,LIVE LOCAL,1.0,1
21:25:13,LIVE LOCAL,1.0,1
21:25:13,LIVE LOCAL,1.0,1
21:25:13,LIVE LOCAL,1.0,1
21:25:13,LIVE LOCAL,1.0,1
21:25:14,LIVE LOCAL,1.0,1
21:25:14,LIVE LOCAL,1.0,1
21:25:14,LIVE LOCAL,1.0,1
21:25:14,LIVE LOCAL,1.0,1
21:25:14,LIVE LOCAL,1.0,1
21:25:14,LIVE LOCAL,1.0,1
21:25:14,LIVE LOCAL,1.0,1
21:25:14,LIVE LOCAL,1.0,1
21:25:14,LIVE LOCAL,1.0,1
21:25:14,LIVE LOCAL,1.0,1
21:25:14,LIVE LOCAL,1.0,1
21:25:14,LIVE LOCAL,1.0,1
21:25:14,LIVE LOCAL,1.0,1
21:25:14,LIVE LOCAL,1.0,1
21:25:14,LIVE LOCAL,1.0,1
21:25:15,LIVE LOCAL,1.0,1
21:25:15,LIVE LOCAL,1.0,1
21:25:15,LIVE LOCAL,1.0,1
21:25:15,LIVE LOCAL,1.0,1
21:25:15,LIVE LOCAL,1.0,1
21:25:15,LIVE LOCAL,1.0,1
21:25:15,LIVE LOCAL,1.0,1
21:25:15,LIVE LOCAL,1.0,1
21:25:15,LIVE LOCAL,1.0,1
21:25:15,LIVE LOCAL,1.0,1
21:25:15,LIVE LOCAL,1.0,1
21:25:15,LIVE LOCAL,1.0,1
21:25:15,LIVE LOCAL,1.0,1
21:25:15,LIVE LOCAL,1.0,1
21:25:15,LIVE LOCAL,1.0,1
21:25:15,LIVE LOCAL,1.0,1
21:25:15,LIVE LOCAL,1.0,1
21:25:15,LIVE LOCAL,1.0,1
21:25:16,LIVE LOCAL,1.0,1
21:25:16,LIVE LOCAL,1.0,1
21:25:16,LIVE LOCAL,1.0,1
21:25:16,LIVE LOCAL,1.0,1
21:25:16,LIVE LOCAL,1.0,1
21:25:16,LIVE LOCAL,1.0,1
21:25:16,LIVE LOCAL,1.0,1
21:25:16,LIVE LOCAL,1.0,1
21:25:16,LIVE LOCAL,1.0,1
21:25:16,LIVE LOCAL,1.0,1
21:25:16,LIVE LOCAL,1.0,1
21:25:16,LIVE LOCAL,1.0,1
21:25:16,LIVE LOCAL,1.0,1
21:25:16,LIVE LOCAL,1.0,1
21:25:17,LIVE LOCAL,1.0,1
21:25:17,LIVE LOCAL,1.0,1
21:25:17,LIVE LOCAL,1.0,1
21:25:17,LIVE LOCAL,1.0,1
21:25:17,LIVE LOCAL,1.0,1
21:25:17,LIVE LOCAL,1.0,1
21:25:17,LIVE LOCAL,1.0,1
21:25:17,LIVE LOCAL,1.0,1
21:25:17,LIVE LOCAL,1.0,1
21:25:17,LIVE LOCAL,1.0,1
21:25:17,LIVE LOCAL,1.0,1
21:25:17,LIVE LOCAL,1.0,1
21:25:17,LIVE LOCAL,1.0,1
21:25:17,LIVE LOCAL,1.0,1
21:25:17,LIVE LOCAL,1.0,1
21:25:17,LIVE LOCAL,1.0,1
21:25:18,LIVE LOCAL,1.0,1
21:25:18,LIVE LOCAL,1.0,1
21:25:18,LIVE LOCAL,1.0,1
21:25:18,LIVE LOCAL,1.0,1
21:25:18,LIVE LOCAL,1.0,1
21:25:18,LIVE LOCAL,1.0,1
21:25:18,LIVE LOCAL,1.0,1
21:25:18,LIVE LOCAL,1.0,1
21:25:18,LIVE LOCAL,1.0,1
21:25:18,LIVE LOCAL,1.0,1
21:25:18,LIVE LOCAL,1.0,1
21:25:18,LIVE LOCAL,1.0,1
21:25:18,LIVE LOCAL,1.0,1
21:25:18,LIVE LOCAL,1.0,1
21:25:18,LIVE LOCAL,1.0,1
21:25:18,LIVE LOCAL,1.0,1
21:25:18,LIVE LOCAL,1.0,1
21:25:19,LIVE LOCAL,1.0,1
21:25:19,LIVE LOCAL,1.0,1
21:25:19,LIVE LOCAL,1.0,1
21:25:19,LIVE LOCAL,1.0,1
21:25:19,LIVE LOCAL,1.0,1
21:25:19,LIVE LOCAL,1.0,1
21:25:19,LIVE LOCAL,1.0,1
21:25:19,LIVE LOCAL,1.0,1
21:25:19,LIVE LOCAL,1.0,1
21:25:19,LIVE LOCAL,1.0,1
21:25:19,LIVE LOCAL,1.0,1
21:25:19,LIVE LOCAL,1.0,1
21:25:19,LIVE LOCAL,1.0,1
21:25:19,LIVE LOCAL,1.0,1
21:25:19,LIVE LOCAL,1.0,1
21:25:20,LIVE LOCAL,1.0,1
21:25:20,LIVE LOCAL,1.0,1
21:25:20,LIVE LOCAL,1.0,1
21:25:20,LIVE LOCAL,1.0,1
21:25:20,LIVE LOCAL,1.0,1
21:25:20,LIVE LOCAL,1.0,1
21:25:20,LIVE LOCAL,1.0,1
21:25:20,LIVE LOCAL,1.0,1
21:25:20,LIVE LOCAL,1.0,1
21:25:20,LIVE LOCAL,1.0,1
21:25:20,LIVE LOCAL,1.0,1
21:25:20,LIVE LOCAL,1.0,1
21:25:20,LIVE LOCAL,1.0,1
21:25:20,LIVE LOCAL,1.0,1
21:25:20,LIVE LOCAL,1.0,1
21:25:21,LIVE LOCAL,1.0,1
21:25:21,LIVE LOCAL,1.0,1
21:25:21,LIVE LOCAL,1.0,1
21:25:21,LIVE LOCAL,1.0,1
21:25:21,LIVE LOCAL,1.0,1
21:25:21,LIVE LOCAL,1.0,1
21:25:21,LIVE LOCAL,1.0,1
21:25:21,LIVE LOCAL,1.0,1
21:25:21,LIVE LOCAL,1.0,1
21:25:21,LIVE LOCAL,1.0,1
21:25:21,LIVE LOCAL,1.0,1
21:25:21,LIVE LOCAL,1.0,1
21:25:21,LIVE LOCAL,1.0,1
21:25:21,LIVE LOCAL,1.0,1
21:25:21,LIVE LOCAL,1.0,1
21:25:22,LIVE LOCAL,1.0,1
21:25:22,LIVE LOCAL,1.0,1
21:25:22,LIVE LOCAL,1.0,1
21:25:22,LIVE LOCAL,1.0,1
21:25:22,LIVE LOCAL,1.0,1
21:25:22,LIVE LOCAL,1.0,1
21:25:22,LIVE LOCAL,1.0,1
21:25:22,LIVE LOCAL,1.0,1
21:25:22,LIVE LOCAL,1.0,1
21:25:22,LIVE LOCAL,1.0,1
21:25:22,LIVE LOCAL,1.0,1
21:25:22,LIVE LOCAL,1.0,1
21:25:22,LIVE LOCAL,1.0,1
21:25:22,LIVE LOCAL,1.0,1
21:25:22,LIVE LOCAL,1.0,1
21:25:23,LIVE LOCAL,1.0,1
21:25:23,LIVE LOCAL,1.0,1
21:25:23,LIVE LOCAL,1.0,1
21:25:23,LIVE LOCAL,1.0,1
21:25:23,LIVE LOCAL,1.0,1
21:25:23,LIVE LOCAL,1.0,1
21:25:23,LIVE LOCAL,1.0,1
21:25:23,LIVE LOCAL,1.0,1
21:25:23,LIVE LOCAL,1.0,1
21:25:23,LIVE LOCAL,1.0,1
21:25:23,LIVE LOCAL,1.0,1
21:25:23,LIVE LOCAL,1.0,1
21:25:23,LIVE LOCAL,1.0,1
21:25:23,LIVE LOCAL,1.0,1
21:25:23,LIVE LOCAL,1.0,1
21:25:23,LIVE LOCAL,1.0,1
21:25:23,LIVE LOCAL,1.0,1
21:25:24,LIVE LOCAL,1.0,1
21:25:24,LIVE LOCAL,1.0,1
21:25:24,LIVE LOCAL,1.0,1
21:25:24,LIVE LOCAL,1.0,1
21:25:24,LIVE LOCAL,1.0,1
21:25:24,LIVE LOCAL,1.0,1
21:25:24,LIVE LOCAL,1.0,1
21:25:24,LIVE LOCAL,1.0,1
21:25:24,LIVE LOCAL,1.0,1
21:25:24,LIVE LOCAL,1.0,1
21:25:24,LIVE LOCAL,1.0,1
21:25:24,LIVE LOCAL,1.0,1
21:25:24,LIVE LOCAL,1.0,1
21:25:24,LIVE LOCAL,1.0,1
21:25:24,LIVE LOCAL,1.0,1
21:25:24,LIVE LOCAL,1.0,1
21:25:25,LIVE LOCAL,1.0,1
21:25:25,LIVE LOCAL,1.0,1
21:25:25,LIVE LOCAL,1.0,1
21:25:25,LIVE LOCAL,1.0,1
21:25:25,LIVE LOCAL,1.0,1
21:25:25,LIVE LOCAL,1.0,1
21:25:25,LIVE LOCAL,1.0,1
21:25:25,LIVE LOCAL,1.0,1
21:25:25,LIVE LOCAL,1.0,1
21:25:25,LIVE LOCAL,1.0,1
21:25:25,LIVE LOCAL,1.0,1
21:25:25,LIVE LOCAL,1.0,1
21:25:25,LIVE LOCAL,1.0,1
21:25:25,LIVE LOCAL,1.0,1
21:25:25,LIVE LOCAL,1.0,1
21:25:26,LIVE LOCAL,1.0,1
21:25:26,LIVE LOCAL,1.0,1
21:25:26,LIVE LOCAL,1.0,1
21:25:26,LIVE LOCAL,1.0,1
21:25:26,LIVE LOCAL,1.0,1
21:25:26,LIVE LOCAL,1.0,1
21:25:26,LIVE LOCAL,1.0,1
21:25:26,LIVE LOCAL,1.0,1
21:25:26,LIVE LOCAL,1.0,1
21:25:26,LIVE LOCAL,1.0,1
21:25:26,LIVE LOCAL,1.0,1
21:25:26,LIVE LOCAL,1.0,1
21:25:26,LIVE LOCAL,1.0,1
21:25:26,LIVE LOCAL,1.0,1
21:25:27,LIVE LOCAL,1.0,1
21:25:27,LIVE LOCAL,1.0,1
21:25:27,LIVE LOCAL,1.0,1
21:25:27,LIVE LOCAL,1.0,1
21:25:27,LIVE LOCAL,1.0,1
21:25:27,LIVE LOCAL,1.0,1
21:25:27,LIVE LOCAL,1.0,1
21:25:27,LIVE LOCAL,1.0,1
21:25:27,LIVE LOCAL,1.0,1
21:25:27,LIVE LOCAL,1.0,1
21:25:27,LIVE LOCAL,1.0,1
21:25:27,LIVE LOCAL,1.0,1
21:25:27,LIVE LOCAL,1.0,1
21:25:27,LIVE LOCAL,1.0,1
21:25:28,LIVE LOCAL,1.0,1
21:25:28,LIVE LOCAL,1.0,1
21:25:28,LIVE LOCAL,1.0,1
21:25:28,LIVE LOCAL,1.0,1
21:25:28,LIVE LOCAL,1.0,1
21:25:28,LIVE LOCAL,1.0,1
21:25:28,LIVE LOCAL,1.0,1
21:25:28,LIVE LOCAL,1.0,1
21:25:28,LIVE LOCAL,1.0,1
21:25:28,LIVE LOCAL,1.0,1
21:25:28,LIVE LOCAL,1.0,1
21:25:28,LIVE LOCAL,1.0,1
21:25:28,LIVE LOCAL,1.0,1
21:25:28,LIVE LOCAL,1.0,1
21:25:28,LIVE LOCAL,1.0,1
21:25:29,LIVE LOCAL,1.0,1
21:25:29,LIVE LOCAL,1.0,1
21:25:29,LIVE LOCAL,1.0,1
21:25:29,LIVE LOCAL,1.0,1
21:25:29,LIVE LOCAL,1.0,1
21:25:29,LIVE LOCAL,1.0,1
21:25:29,LIVE LOCAL,1.0,1
21:25:29,LIVE LOCAL,1.0,1
21:25:29,LIVE LOCAL,1.0,1
21:25:29,LIVE LOCAL,1.0,1
21:25:29,LIVE LOCAL,1.0,1
21:25:29,LIVE LOCAL,1.0,1
21:25:29,LIVE LOCAL,1.0,1
21:25:29,LIVE LOCAL,1.0,1
21:25:29,LIVE LOCAL,1.0,1
21:25:30,LIVE LOCAL,1.0,1
21:25:30,LIVE LOCAL,1.0,1
21:25:30,LIVE LOCAL,1.0,1
21:25:30,LIVE LOCAL,1.0,1
21:25:30,LIVE LOCAL,1.0,1
21:25:30,LIVE LOCAL,1.0,1
21:25:30,LIVE LOCAL,1.0,1
21:25:30,LIVE LOCAL,1.0,1
21:25:30,LIVE LOCAL,1.0,1
21:25:30,LIVE LOCAL,1.0,1
21:25:30,LIVE LOCAL,1.0,1
21:25:30,LIVE LOCAL,1.0,1
21:25:30,LIVE LOCAL,1.0,1
21:25:30,LIVE LOCAL,1.0,1
21:25:30,LIVE LOCAL,1.0,1
21:25:30,LIVE LOCAL,1.0,1
21:25:31,LIVE LOCAL,1.0,1
21:25:31,LIVE LOCAL,1.0,1
21:25:31,LIVE LOCAL,1.0,1
21:25:31,LIVE LOCAL,1.0,1
21:25:31,LIVE LOCAL,1.0,1
21:25:31,LIVE LOCAL,1.0,1
21:25:31,LIVE LOCAL,1.0,1
21:25:31,LIVE LOCAL,1.0,1
21:25:31,LIVE LOCAL,1.0,1
21:25:31,LIVE LOCAL,1.0,1
21:25:31,LIVE LOCAL,1.0,1
21:25:32,LIVE LOCAL,1.0,1
21:25:32,LIVE LOCAL,1.0,1
21:25:32,LIVE LOCAL,1.0,1
21:25:32,LIVE LOCAL,1.0,1
21:25:32,LIVE LOCAL,1.0,1
21:25:32,LIVE LOCAL,1.0,1
21:25:32,LIVE LOCAL,1.0,1
21:25:32,LIVE LOCAL,1.0,1
21:25:32,LIVE LOCAL,1.0,1
21:25:32,LIVE LOCAL,1.0,1
21:25:32,LIVE LOCAL,1.0,1
21:25:33,LIVE LOCAL,1.0,1
21:25:33,LIVE LOCAL,1.0,1
21:25:33,LIVE LOCAL,1.0,1
21:25:33,LIVE LOCAL,1.0,1
21:25:33,LIVE LOCAL,1.0,1
21:25:33,LIVE LOCAL,1.0,1
21:25:33,LIVE LOCAL,1.0,1
21:25:33,LIVE LOCAL,1.0,1
21:25:33,LIVE LOCAL,1.0,1
21:25:33,LIVE LOCAL,1.0,1
21:25:33,LIVE LOCAL,1.0,1
21:25:33,LIVE LOCAL,1.0,1
21:25:34,LIVE LOCAL,1.0,1
21:25:34,LIVE LOCAL,1.0,1
21:25:34,LIVE LOCAL,1.0,1
21:25:34,LIVE LOCAL,1.0,1
21:25:34,LIVE LOCAL,1.0,1
21:25:34,LIVE LOCAL,1.0,1
21:25:34,LIVE LOCAL,1.0,1
21:25:34,LIVE LOCAL,1.0,1
21:25:34,LIVE LOCAL,1.0,1
21:25:34,LIVE LOCAL,1.0,1
21:25:35,LIVE LOCAL,1.0,1
21:25:35,LIVE LOCAL,1.0,1
21:25:35,LIVE LOCAL,1.0,1
21:25:35,LIVE LOCAL,1.0,1
21:25:35,LIVE LOCAL,1.0,1
21:25:35,LIVE LOCAL,1.0,1
21:25:35,LIVE LOCAL,1.0,1
21:25:35,LIVE LOCAL,1.0,1
21:25:35,LIVE LOCAL,1.0,1
21:25:35,LIVE LOCAL,1.0,1
21:25:35,LIVE LOCAL,1.0,1
21:25:36,LIVE LOCAL,1.0,1
21:25:36,LIVE LOCAL,1.0,1
21:25:36,LIVE LOCAL,1.0,1
21:25:36,LIVE LOCAL,1.0,1
21:25:36,LIVE LOCAL,1.0,1
21:25:36,LIVE LOCAL,1.0,1
21:25:36,LIVE LOCAL,1.0,1
21:25:36,LIVE LOCAL,1.0,1
21:25:36,LIVE LOCAL,1.0,1
21:25:36,LIVE LOCAL,1.0,1
21:25:36,LIVE LOCAL,1.0,1
21:25:36,LIVE LOCAL,1.0,1
21:25:36,LIVE LOCAL,1.0,1
21:25:37,LIVE LOCAL,1.0,1
21:25:37,LIVE LOCAL,1.0,1
21:25:37,LIVE LOCAL,1.0,1
21:25:37,LIVE LOCAL,1.0,1
21:25:37,LIVE LOCAL,1.0,1
21:25:37,LIVE LOCAL,1.0,1
21:25:37,LIVE LOCAL,1.0,1
21:25:37,LIVE LOCAL,1.0,1
21:25:37,LIVE LOCAL,1.0,1
21:25:37,LIVE LOCAL,1.0,1
21:25:37,LIVE LOCAL,1.0,1
21:25:37,LIVE LOCAL,1.0,1
21:25:37,LIVE LOCAL,1.0,1
21:25:37,LIVE LOCAL,1.0,1
21:25:38,LIVE LOCAL,1.0,1
21:25:38,LIVE LOCAL,1.0,1
21:25:38,LIVE LOCAL,1.0,1
21:25:38,LIVE LOCAL,1.0,1
21:25:38,LIVE LOCAL,1.0,1
21:25:38,LIVE LOCAL,1.0,1
21:25:38,LIVE LOCAL,1.0,1
21:25:38,LIVE LOCAL,1.0,1
21:25:38,LIVE LOCAL,1.0,1
21:25:38,LIVE LOCAL,1.0,1
21:25:38,LIVE LOCAL,1.0,1
21:25:38,LIVE LOCAL,1.0,1
21:25:38,LIVE LOCAL,1.0,1
21:25:38,LIVE LOCAL,1.0,1
21:25:38,LIVE LOCAL,1.0,1
21:25:38,LIVE LOCAL,2.0,2
